origin,model,split,mae,wape,rmsse_item_store,bias
1913,A0_global_baseline,test,1.0520189260425383,0.7291409698132401,0.8295861767414641,-0.009947855321965062
1913,B1_cluster_label,test,1.0518801763403287,0.7290448041550699,0.8286649404054464,-0.01071657317353334
1913,C_cluster_specific,test,1.0487775635618126,0.726894422603673,0.8275410891959023,-0.01268495893098583
